loss,run_time,iteration,delta,ndcg,window_hours
-0.03430325072241018,5.844428777694702,0,194091.10453696383,0.03430325072241018,53.91419570471218
-0.13118588784115473,5.561966180801392,1,4955.879960458993,0.13118588784115473,1.3766333223497202
-0.1301464450722603,5.59147047996521,2,4313.28957101938,0.1301464450722603,1.1981359919498278
-0.12658781278652634,5.662359952926636,3,6769.422552357085,0.12658781278652634,1.8803951534325236
-0.1279107021346358,5.756404399871826,4,37013.15578086496,0.1279107021346358,10.281432161351377
-0.12209589809328668,5.58458399772644,5,9378.023207059823,0.12209589809328668,2.6050064464055063
-0.12777098861524266,5.67829704284668,6,24639.731576618567,0.12777098861524266,6.844369882394046
-0.1267296898933958,5.592767715454102,7,7770.842592537059,0.1267296898933958,2.1585673868158497
-0.1163954022989713,5.611546039581299,8,63277.137307610734,0.1163954022989713,17.576982585447425
-0.12586834680882164,5.597052335739136,9,13020.84539849535,0.12586834680882164,3.616901499582042
-0.12326420538298888,5.61837100982666,10,12201.823118622458,0.12326420538298888,3.3893953107284607
-0.1279107021346358,5.569779396057129,11,29684.282179419508,0.1279107021346358,8.245633938727641
-0.1303187580716391,5.5429558753967285,12,2730.2623770166706,0.1303187580716391,0.7584062158379641
-0.1264754173979348,5.518161773681641,13,14621.064991002735,0.1264754173979348,4.061406941945204
-0.12690275189080402,5.634568691253662,14,7955.737506374946,0.12690275189080402,2.2099270851041517
-0.13032398834074013,5.769204139709473,15,2823.70371905172,0.13032398834074013,0.7843621441810333
-0.02335617062648221,6.128915309906006,16,522002.04097267246,0.02335617062648221,145.00056693685346
-0.13028092797103324,5.5892157554626465,17,2916.4024605088075,0.13028092797103324,0.8101117945857799
-0.12660965542844632,5.550523519515991,18,7088.272563521651,0.12660965542844632,1.9689646009782364
-0.12962125788481757,5.523514747619629,19,3739.457203987833,0.12962125788481757,1.0387381122188426
-0.13072128333755031,5.589769124984741,20,2087.905443504762,0.13072128333755031,0.5799737343068783
-0.1316667590648575,5.667389631271362,21,1852.235643220891,0.1316667590648575,0.514509900894692
-0.12064851649193356,5.734829902648926,22,60495.47017168433,0.12064851649193356,16.80429726991231
-0.13167970836675338,5.686960458755493,23,1899.2578539628596,0.13167970836675338,0.5275716261007943
-0.13180477780479885,5.707974910736084,24,1869.0658311959717,0.13180477780479885,0.5191849531099921
-0.07842328412999823,5.9653308391571045,25,135123.85358680447,0.07842328412999823,37.534403774112356
-0.13167653592875014,5.658025026321411,26,1908.490450613307,0.13167653592875014,0.5301362362814742
-0.02335617062648221,6.273179769515991,27,573760.3785458776,0.02335617062648221,159.37788292941045
-0.03919744468386325,5.957249164581299,28,182345.67074404532,0.03919744468386325,50.651575206679254
-0.12663477775495854,5.549988746643066,29,17207.799115498252,0.12663477775495854,4.779944198749514
-0.027482165901436796,6.040406942367554,30,321689.32448703377,0.027482165901436796,89.35814569084272
-0.13119550627781718,5.641268253326416,31,5126.56240204733,0.13119550627781718,1.4240451116798138
-0.1305418053321749,5.626579761505127,32,4652.539936742738,0.1305418053321749,1.2923722046507606
-0.10767427976065132,5.788612604141235,33,75107.4775866825,0.10767427976065132,20.863188218522914
-0.1281106495461107,5.651015996932983,34,20418.369515996637,0.1281106495461107,5.671769309999066
-0.12794678446920651,5.881686210632324,35,42143.58432882725,0.12794678446920651,11.706551202452014
-0.1269734737321367,5.668827295303345,36,5623.422917449648,0.1269734737321367,1.562061921513791
-0.12964769826107067,5.632882118225098,37,3709.152058673087,0.12964769826107067,1.0303200162980797
-0.12225895513181025,5.640174388885498,38,9730.065975669144,0.12225895513181025,2.70279610435254
-0.13133818041934558,5.589262247085571,39,2421.9516104526792,0.13133818041934558,0.6727643362368554
-0.08609197335053329,5.723190784454346,40,98587.23495931979,0.08609197335053329,27.385343044255496
-0.12357317571580449,5.636632680892944,41,10494.584544164762,0.12357317571580449,2.9151623733791006
-0.12964224214883363,5.601172208786011,42,3676.1164560396237,0.12964224214883363,1.0211434600110065
-0.12786071707367427,5.649846792221069,43,42754.580240178715,0.12786071707367427,11.876272288938532
-0.1279107021346358,5.502868175506592,44,28427.892580271942,0.1279107021346358,7.896636827853317
-0.1265430740523808,5.597054481506348,45,6420.4460797133015,0.1265430740523808,1.783457244364806
-0.02481841697148884,6.289762735366821,46,385163.1467010675,0.02481841697148884,106.98976297251875
-0.126675728483081,5.584947824478149,47,15576.307123396633,0.126675728483081,4.326751978721287
-0.13032421418387613,5.581045150756836,48,2845.833262749397,0.13032421418387613,0.7905092396526102
-0.13169427507177475,5.488568305969238,49,1855.8473746781788,0.13169427507177475,0.5155131596328274
-0.1281106495461107,5.486848592758179,50,20640.05048238974,0.1281106495461107,5.7333473562193715
-0.13117331647891045,5.511303186416626,51,2408.5010598493536,0.13117331647891045,0.669028072180376
-0.12180100170611308,5.617632627487183,52,8382.400086566138,0.12180100170611308,2.328444468490594
-0.12326420538298888,5.576981782913208,53,12190.077375602172,0.12326420538298888,3.3861326043339366
-0.12955960217585544,5.498594045639038,54,3799.98388839931,0.12955960217585544,1.0555510801109196
-0.1265430740523808,5.606556415557861,55,6379.065944591401,0.1265430740523808,1.7719627623865002
-0.033732319238905566,5.95084810256958,56,230709.9392917309,0.033732319238905566,64.08609424770303
-0.1312894298414882,5.559971570968628,57,2141.120136042451,0.1312894298414882,0.5947555933451253
-0.13005399482935628,5.476036071777344,58,3100.6870200866083,0.13005399482935628,0.8613019500240578
-0.08023858864625086,5.792516708374023,59,113654.0384322459,0.08023858864625086,31.570566231179416
-0.1305418053321749,5.49234676361084,60,4705.433547471703,0.1305418053321749,1.3070648742976951
-0.1279107021346358,5.533535003662109,61,31856.878115086205,0.1279107021346358,8.849132809746168
-0.11441693471867048,5.692331552505493,62,65890.35555868747,0.11441693471867048,18.302876544079854
-0.1316667590648575,5.645514726638794,63,1851.4051556361164,0.1316667590648575,0.5142792098989213
-0.12326420538298888,5.661316871643066,64,12106.386558612556,0.12326420538298888,3.3628851551701544
-0.12966973460715592,5.560141086578369,65,3258.2652528482067,0.12966973460715592,0.9050736813467241
-0.13031800284423828,5.543158292770386,66,2228.6196052255837,0.13031800284423828,0.619061001451551
-0.1316255858400709,5.689504623413086,67,1837.504572990636,0.1316255858400709,0.5104179369418433
-0.126883153417445,5.572749853134155,68,5626.879790946387,0.126883153417445,1.5630221641517743
-0.12948253987345898,5.485349893569946,69,3975.842944369032,0.12948253987345898,1.1044008178802867
-0.1302644699738919,5.464202880859375,70,2609.9088357096284,0.1302644699738919,0.7249746765860079
-0.1301464450722603,5.487656116485596,71,4308.555297651786,0.1301464450722603,1.196820916014385
-0.12220548944654541,5.539538860321045,72,8553.46344759907,0.12220548944654541,2.375962068777519
-0.12966973460715592,5.482712507247925,73,3271.836411196672,0.12966973460715592,0.9088434475546311
-0.13179904923349947,5.461755037307739,74,1866.0521735551993,0.13179904923349947,0.5183478259875554
-0.13072128333755031,5.445970296859741,75,2200.6226483846817,0.13072128333755031,0.611284068995745
-0.12660965542844632,5.51749587059021,76,7121.667139800793,0.12660965542844632,1.978240872166887
-0.12878848973250606,5.548657178878784,77,19783.83065597921,0.12878848973250606,5.495508515549781
-0.12326039886095606,5.753034591674805,78,52411.21332806862,0.12326039886095606,14.558670368907949
-0.13163126779544393,5.463169097900391,79,1821.6789085618582,0.13163126779544393,0.5060219190449606
-0.12694273536608025,5.573330640792847,80,5610.944707532603,0.12694273536608025,1.5585957520923899
-0.13039978593365406,5.536548137664795,81,2588.281471189458,0.13039978593365406,0.718967075330405
-0.12980471407070499,5.471858263015747,82,3308.779530347505,0.12980471407070499,0.9191054250965291
-0.12777098861524266,5.52191948890686,83,24394.14751635018,0.12777098861524266,6.776152087875049
-0.12356771960356747,5.572238445281982,84,10960.817574124854,0.12356771960356747,3.044671548368015
-0.130817957908573,5.558618783950806,85,5266.1959968588735,0.130817957908573,1.4628322213496872
-0.13013007673554922,5.524927377700806,86,4290.248539096913,0.13013007673554922,1.1917357053046982
-0.12643548539056182,5.479288339614868,87,14070.579662397378,0.12643548539056182,3.9084943506659386
-0.03613788490245883,5.852986097335815,88,185925.6198661678,0.03613788490245883,51.646005518379944
-0.1267408279610059,5.766610622406006,89,7460.914521956974,0.1267408279610059,2.072476256099159
-0.12211933011891055,5.560200214385986,90,9040.485179392645,0.12211933011891055,2.5112458831646234
-0.1279107021346358,5.537212371826172,91,37422.06331259706,0.1279107021346358,10.395017586832518
-0.13078808056508612,5.478545665740967,92,2017.008507493859,0.13078808056508612,0.5602801409705164
-0.02335617062648221,6.099060297012329,93,473978.71138650586,0.02335617062648221,131.6607531629183
-0.1265430740523808,5.531686782836914,94,6296.2679504603075,0.1265430740523808,1.7489633195723076
-0.03369802160473394,5.943253517150879,95,237068.2700448147,0.03369802160473394,65.85229723467076
-0.12956983246629936,5.475828409194946,96,2898.783430109851,0.12956983246629936,0.8052176194749586
-0.09011043105137272,5.627445697784424,97,85977.1406292109,0.09011043105137272,23.882539063669697
-0.13117331647891045,5.442139625549316,98,2412.0477549173847,0.13117331647891045,0.6700132652548291
-0.07536362936944421,5.866614103317261,99,138127.31534594332,0.07536362936944421,38.36869870720648
-0.12972503382085945,5.462787866592407,100,3473.831298378954,0.12972503382085945,0.9649531384385984
-0.13023626961617868,5.459227561950684,101,4114.61235086594,0.13023626961617868,1.1429478752405389
-0.12663477775495854,5.500734567642212,102,17422.692589492177,0.12663477775495854,4.839636830414493
-0.12775228980177772,5.442430734634399,103,25961.547513846646,0.12775228980177772,7.2115409760685125
-0.12126108361666546,5.463933944702148,104,10125.998050141061,0.12126108361666546,2.8127772361502945
-0.13119550627781718,5.483816146850586,105,5109.722922845315,0.13119550627781718,1.4193674785681432
-0.13032421418387613,5.5117974281311035,106,2677.5556200904234,0.13032421418387613,0.7437654500251176
-0.1307148306209166,5.436354160308838,107,2108.405275102983,0.1307148306209166,0.5856681319730509
-0.12697475233050376,5.500534772872925,108,7854.80876674816,0.12697475233050376,2.181891324096711
-0.1265430740523808,5.517250299453735,109,6059.251437455575,0.1265430740523808,1.6831253992932151
-0.1266209874327449,5.771050930023193,110,48769.67354734775,0.1266209874327449,13.547131540929932
-0.12995193786099377,5.414982318878174,111,4564.377421854866,0.12995193786099377,1.2678826171819073
-0.13163126779544393,5.448241233825684,112,1818.524330444041,0.13163126779544393,0.5051456473455669
-0.1297559307117694,5.453476667404175,113,3026.134285186858,0.1297559307117694,0.8405928569963494
-0.12962125788481757,5.41788911819458,114,3738.714915945211,0.12962125788481757,1.0385319210958919
-0.13104820811343112,5.472896575927734,115,2352.597182655279,0.13104820811343112,0.6534992174042442
-0.12356771960356747,5.531383991241455,116,11120.003168348618,0.12356771960356747,3.088889768985727
-0.12661696112757875,5.49908709526062,117,16666.963855168233,0.12661696112757875,4.6297121819911755
-0.1265430740523808,5.5291314125061035,118,6714.856622808941,0.1265430740523808,1.8652379507802614
-0.03272762514654447,5.950832843780518,119,293760.43361379753,0.03272762514654447,81.6001204482771
-0.0610787372338393,5.6859776973724365,120,147953.83965824344,0.0610787372338393,41.09828879395651
-0.12586834680882164,5.707777976989746,121,13004.35898441024,0.12586834680882164,3.6123219401139557
-0.13086679762009784,5.4791553020477295,122,2041.4189185820703,0.13086679762009784,0.5670608107172418
-0.12209589809328668,5.521001577377319,123,9237.41648718604,0.12209589809328668,2.5659490242183445
-0.13069681371971303,5.51184868812561,124,4675.868587170622,0.13069681371971303,1.2988523853251728
-0.12781455995774682,5.522790908813477,125,23291.421422787756,0.12781455995774682,6.46983928410771
-0.1303187580716391,5.480514764785767,126,2614.444825834473,0.1303187580716391,0.7262346738429091
-0.13019362349405816,5.487856864929199,127,2995.1586970560415,0.13019362349405816,0.8319885269600116
-0.1279107021346358,5.508622169494629,128,37178.80028457361,0.1279107021346358,10.32744452349267
-0.08024404475848787,5.713215112686157,129,110463.97987257327,0.08024404475848787,30.684438853492576
-0.12972503382085945,5.505740404129028,130,3492.1351146791085,0.12972503382085945,0.9700375318553079
-0.12957051440032952,5.47720193862915,131,3895.7012571654095,0.12957051440032952,1.0821392381015027
-0.1316746240595542,5.61912202835083,132,1804.055081442248,0.1316746240595542,0.5011264115117355
-0.10768519198512537,5.6114866733551025,133,74665.02193115515,0.10768519198512537,20.740283869765317
-0.12695317328785347,5.536154508590698,134,5732.451509514434,0.12695317328785347,1.5923476415317872
-0.1264754173979348,5.489048957824707,135,14649.062050218892,0.1264754173979348,4.0691839028385814
-0.13119550627781718,5.545158863067627,136,5137.023373506454,0.13119550627781718,1.426950937085126
-0.1267408279610059,5.5435404777526855,137,7486.470549479228,0.1267408279610059,2.0795751526331188
-0.13130797023942017,5.508060455322266,138,2320.49685969864,0.13130797023942017,0.6445824610274
-0.13086679762009784,5.52720046043396,139,2035.0016004199085,0.13086679762009784,0.5652782223388635
-0.1298502526207224,5.520390033721924,140,18878.13466096796,0.1298502526207224,5.243926294713322
-0.1279107021346358,5.5423054695129395,141,32465.53336787564,0.1279107021346358,9.018203713298789
-0.02335617062648221,6.298701524734497,142,594484.6311277563,0.02335617062648221,165.13461975771008
-0.02335617062648221,6.151773691177368,143,424866.9774663652,0.02335617062648221,118.01860485176812
-0.13032421418387613,5.5265419483184814,144,2845.481857445906,0.13032421418387613,0.7904116270683073
-0.12966973460715592,5.511240243911743,145,3257.5109619305867,0.12966973460715592,0.9048641560918297
-0.13161985726877154,5.483582973480225,146,1824.5035646612482,0.13161985726877154,0.5068065457392357
-0.13015648489415763,5.47053599357605,147,2580.628376045923,0.13015648489415763,0.7168412155683119
-0.130344744559865,5.444231271743774,148,4430.34540703572,0.130344744559865,1.2306515019543667
-0.13021400522943238,5.446873426437378,149,2235.168504379925,0.13021400522943238,0.6208801401055347
-0.12927196307530867,5.483635187149048,150,3569.1842389114113,0.12927196307530867,0.991440066364281
-0.13086679762009784,5.481377363204956,151,2043.10882972965,0.13086679762009784,0.5675302304804584
-0.13161985726877154,5.501321077346802,152,1826.514638701576,0.13161985726877154,0.5073651774171044
-0.12935874588501362,5.666476011276245,153,4034.659215309369,0.12935874588501362,1.120738670919269
-0.13117331647891045,5.413270473480225,154,2413.3900314818184,0.13117331647891045,0.6703861198560607
-0.1303187580716391,5.471076011657715,155,2731.5096866538724,0.1303187580716391,0.7587526907371868
-0.13003108378272543,5.438209056854248,156,3087.1003833643467,0.13003108378272543,0.8575278842678741
-0.1306807415958121,5.483042001724243,157,5327.633794071342,0.1306807415958121,1.4798982761309283
-0.1265430740523808,5.53915548324585,158,6476.968502795815,0.1265430740523808,1.799157917443282
-0.13177603884172295,5.446630239486694,159,4822.300045211821,0.13177603884172295,1.339527790336617
-0.12183499730156996,5.5060179233551025,160,8341.825929243329,0.12183499730156996,2.317173869234258
-0.1305418053321749,5.42089319229126,161,4620.547472284673,0.1305418053321749,1.2834854089679648
-0.12322630712871778,5.501106262207031,162,53626.4886170617,0.12322630712871778,14.896246838072695
-0.1297195777086224,5.455102443695068,163,3452.225499014923,0.1297195777086224,0.9589515275041454
-0.12126653972890249,5.7317469120025635,164,9966.540686892255,0.12126653972890249,2.7684835241367374
-0.13167229902409383,5.474750518798828,165,1803.153064747846,0.13167229902409383,0.5008758513188462
-0.12660419931620928,5.555691480636597,166,7006.143688276976,0.12660419931620928,1.9461510245213822
-0.13009712652505834,5.461766958236694,167,4154.525840022146,0.13009712652505834,1.1540349555617073
-0.1232696614952259,5.481816291809082,168,12599.571723905949,0.1232696614952259,3.499881034418319
-0.12781455995774682,5.587618112564087,169,22508.840113909773,0.12781455995774682,6.25245558719716
-0.13072128333755031,5.685587644577026,170,2168.3790194271405,0.13072128333755031,0.6023275053964279
-0.12794678446920651,5.608552932739258,171,42442.67826580694,0.12794678446920651,11.789632851613039
-0.13044834777389352,5.51471209526062,172,2600.984486321587,0.13044834777389352,0.7224956906448853
-0.12356771960356747,5.530454635620117,173,11186.008018016011,0.12356771960356747,3.107224449448892
-0.05318637516267412,5.73417592048645,174,160053.3016936654,0.05318637516267412,44.45925047046261
-0.1265430740523808,5.750537395477295,175,6100.610596447662,0.1265430740523808,1.6946140545687949
-0.1302521068668249,5.441766023635864,176,2948.6857864594585,0.1302521068668249,0.8190793851276273
-0.13166677985694078,5.48915696144104,177,1933.1239352853454,0.13166677985694078,0.536978870912596
-0.1279107021346358,5.492425441741943,178,28854.822254033465,0.1279107021346358,8.015228403898185
-0.13124238902501134,5.47718358039856,179,4973.241523150826,0.13124238902501134,1.3814559786530072
-0.12963706485866294,5.426613807678223,180,3744.049719732837,0.12963706485866294,1.040013811036899
-0.1269891370615749,5.5087361335754395,181,8006.737237666389,0.1269891370615749,2.2240936771295523
-0.13130783762813675,5.442253589630127,182,2323.4296122160895,0.13130783762813675,0.6453971145044693
-0.12211933011891055,5.518023729324341,183,9169.156690686681,0.12211933011891055,2.546987969635189
-0.12665913430323394,5.4940409660339355,184,15335.421383234738,0.12665913430323394,4.25983927312076
-0.12979357600309488,5.4439475536346436,185,3300.6040274560646,0.12979357600309488,0.916834452071129
-0.034294695120389435,6.001682996749878,186,225757.13745134315,0.034294695120389435,62.71031595870643
-0.12630127815972364,5.509763717651367,187,5839.761210159355,0.12630127815972364,1.622155891710932
-0.13086679762009784,5.451831102371216,188,2052.148150960004,0.13086679762009784,0.5700411530444456
-0.1303187580716391,5.437929630279541,189,2736.996180591282,0.1303187580716391,0.7602767168309117
-0.11383309470221659,5.54811954498291,190,65993.86076308278,0.11383309470221659,18.331627989745215
-0.12997787815445613,5.4245665073394775,191,4243.528476098137,0.12997787815445613,1.1787579100272603
-0.13049164475679903,5.434412956237793,192,2436.51993498211,0.13049164475679903,0.6768110930505862
-0.13163126779544393,5.409525394439697,193,1819.570958727734,0.13163126779544393,0.5054363774243705
-0.13175412116092225,5.435340166091919,194,4838.597593925091,0.13175412116092225,1.3440548872014142
-0.12463521788719661,5.5204246044158936,195,11668.859989922194,0.12463521788719661,3.2413499972006092
-0.12643548539056182,5.665933609008789,196,14022.243625750794,0.12643548539056182,3.895067673819665
-0.1298502526207224,5.51316237449646,197,18695.377539550478,0.1298502526207224,5.19316042765291
-0.1267408279610059,5.528735637664795,198,7296.125227643591,0.1267408279610059,2.02670145212322
-0.12126108361666546,5.5254528522491455,199,10112.962465162636,0.12126108361666546,2.8091562403229546
-0.13118588784115473,5.521928071975708,200,4953.1491472521275,0.13118588784115473,1.375874763125591
-0.12220548944654541,5.533313751220703,201,8552.1296553876,0.12220548944654541,2.375591570941
-0.1265430740523808,5.4968767166137695,202,6669.308990473795,0.1265430740523808,1.8525858306871654
-0.12664842409781032,5.4720635414123535,203,5650.741689523601,0.12664842409781032,1.5696504693121114
-0.08608651723829626,5.525458574295044,204,96322.51787933504,0.08608651723829626,26.756254966481954
-0.1295749161700052,5.439712047576904,205,3959.505674758888,0.1295749161700052,1.0998626874330244
-0.12661696112757875,5.522902727127075,206,17166.74680735583,0.12661696112757875,4.768540779821064
-0.1300616053801721,5.555485725402832,207,3073.3902664836924,0.1300616053801721,0.8537195184676923
-0.1281106495461107,5.549490928649902,208,20698.26553520313,0.1281106495461107,5.749518204223091
-0.12775228980177772,5.489112854003906,209,26662.540143923736,0.12775228980177772,7.406261151089927
-0.024835161423275923,6.004042863845825,210,328137.2460484939,0.024835161423275923,91.14923501347053
-0.1305418053321749,5.4779884815216064,211,4645.865607918847,0.1305418053321749,1.2905182244219018
-0.12964769826107067,5.43829083442688,212,3712.788159298893,0.12964769826107067,1.0313300442496924
-0.1267408279610059,5.55178689956665,213,7313.759931067577,0.1267408279610059,2.031599980852105
-0.12586834680882164,5.517194986343384,214,13008.773546352984,0.12586834680882164,3.6135482073202736
-0.1279107021346358,5.479285955429077,215,34010.22183435535,0.1279107021346358,9.447283842876486
-0.1265430740523808,5.5256874561309814,216,6188.929925733018,0.1265430740523808,1.719147201592505
-0.1311186516632327,5.501734495162964,217,5248.519301470423,0.1311186516632327,1.4579220281862286
-0.12209589809328668,5.677739381790161,218,9419.570070413542,0.12209589809328668,2.6165472417815394
-0.13003108378272543,5.461506128311157,219,3126.519416260844,0.13003108378272543,0.8684776156280123
-0.13072128333755031,5.444482326507568,220,2162.954241233518,0.13072128333755031,0.6008206225648661
-0.12951768532863395,5.449130296707153,221,3511.0005634363724,0.12951768532863395,0.9752779342878812
-0.1303187580716391,5.499295473098755,222,2700.5451738313122,0.1303187580716391,0.7501514371753645
-0.1269891370615749,5.49727988243103,223,8047.80413610602,0.1269891370615749,2.235501148918339
-0.12697387765363236,5.561701059341431,224,46978.944146098234,0.12697387765363236,13.04970670724951
-0.08015142207927915,5.804086685180664,225,120775.05206364862,0.08015142207927915,33.548625573235725
-0.12989311399437492,5.495717525482178,226,4349.379453524382,0.12989311399437492,1.2081609593123284
-0.1264754173979348,5.5494935512542725,227,15015.291487284358,0.1264754173979348,4.170914302023433
-0.12356771960356747,5.517248868942261,228,10714.56896385467,0.12356771960356747,2.976269156626297
-0.1315407924674264,5.6484174728393555,229,2334.8248933420105,0.1315407924674264,0.6485624703727807
-0.12660419931620928,5.438615560531616,230,6851.693066276733,0.12660419931620928,1.9032480739657591
-0.1223633144222559,5.557281494140625,231,57439.719481347944,0.1223633144222559,15.955477633707762
-0.13007516527906515,5.470176935195923,232,2861.691217658484,0.13007516527906515,0.7949142271273567
-0.1034594147552623,5.692994594573975,233,78368.188041637,0.1034594147552623,21.768941122676942
-0.12716925579219593,5.524562835693359,234,5574.773205591336,0.12716925579219593,1.54854811266426
-0.13177603884172295,5.439433813095093,235,4820.6665541109805,0.13177603884172295,1.3390740428086056
-0.1297756267644317,5.4332592487335205,236,3364.4656631123885,0.1297756267644317,0.9345737953089968
-0.1279729722906049,5.503927230834961,237,22041.49174348708,0.1279729722906049,6.122636595413078
-0.13167970836675338,5.516865491867065,238,1970.3812282063204,0.13167970836675338,0.5473281189462001
-0.13007987315656666,5.439611911773682,239,4212.0200571747555,0.13007987315656666,1.170005571437432
-0.13026002097304276,5.638274669647217,240,2606.0923021588806,0.13026002097304276,0.7239145283774668
-0.13162012972783388,5.482267618179321,241,1830.6161943077827,0.13162012972783388,0.5085044984188285
-0.12220571528968142,5.509382486343384,242,9063.011469796238,0.12220571528968142,2.5175031860545105
-0.1294348004247555,5.433301210403442,243,3650.172634583339,0.1294348004247555,1.0139368429398163
-0.12589189200750078,5.506855487823486,244,13459.4632240149,0.12589189200750078,3.7387397844485832
-0.12463521788719661,5.469775199890137,245,11810.84467652709,0.12463521788719661,3.2807901879241914
-0.1307303700342401,5.494358062744141,246,2396.593723476455,0.1307303700342401,0.6657204787434597
-0.1265430740523808,5.502395391464233,247,6413.540617782225,0.1265430740523808,1.7815390604950625
-0.12661696112757875,5.466272592544556,248,16765.986501358788,0.12661696112757875,4.657218472599664
-0.1267296898933958,5.482361793518066,249,7649.409473900063,0.1267296898933958,2.12483596497224
-0.131286876170618,5.470205307006836,250,2137.3264174166607,0.131286876170618,0.593701782615739
-0.13118588784115473,5.635314702987671,251,4951.5814766476315,0.13118588784115473,1.3754392990687865
-0.12792963897118495,5.48375940322876,252,38806.25290522235,0.12792963897118495,10.779514695895097
-0.13041843436935965,5.463352203369141,253,3153.183939450075,0.13041843436935965,0.8758844276250208
-0.12936069921140161,5.444672584533691,254,4028.113124294229,0.12936069921140161,1.1189203123039524
-0.12630127815972364,5.5450263023376465,255,5786.714318176492,0.12630127815972364,1.6074206439379146
-0.13057213751368157,5.477693796157837,256,2773.3019877825664,0.13057213751368157,0.7703616632729351
-0.1305418053321749,5.470355033874512,257,4726.045168358177,0.1305418053321749,1.312790324543938
-0.12225895513181025,5.550506114959717,258,9763.017838130745,0.12225895513181025,2.7119493994807624
-0.12683128294736898,5.59120774269104,259,8151.316542211287,0.12683128294736898,2.264254595058691
-0.13119550627781718,5.589653730392456,260,5098.17808122331,0.13119550627781718,1.416160578117586
-0.12660419931620928,5.785682678222656,261,7029.517524656693,0.12660419931620928,1.9526437568490815
-0.12912368418679146,5.547072887420654,262,3556.4621747389706,0.12912368418679146,0.9879061596497141
-0.13163126779544393,5.543119192123413,263,1820.4322241021623,0.13163126779544393,0.5056756178061562
-0.12777098861524266,5.582489013671875,264,25121.39790081786,0.12777098861524266,6.978166083560517
-0.12995193786099377,5.569475412368774,265,4569.968065039306,0.12995193786099377,1.2694355736220293
-0.12957051440032952,5.538921117782593,266,3905.887175945796,0.12957051440032952,1.0849686599849433
-0.1265430740523808,5.565131425857544,267,5970.4597814105855,0.1265430740523808,1.6584610503918293
-0.12356771960356747,5.61660623550415,268,10956.69007738659,0.12356771960356747,3.043525021496275
-0.13028092797103324,5.593465328216553,269,2915.793517385669,0.13028092797103324,0.8099426437182414
-0.13051396628873888,5.617400646209717,270,2362.7851175200067,0.13051396628873888,0.656329199311113
-0.13086679762009784,5.644883632659912,271,2032.448403835093,0.13086679762009784,0.5645690010653036
-0.1279107021346358,5.785968065261841,272,29910.552227974382,0.1279107021346358,8.308486729992884
-0.13041843436935965,5.5972349643707275,273,3161.6352142013243,0.13041843436935965,0.8782320039448123
-0.12179099456509637,5.601209878921509,274,8370.616328105174,0.12179099456509637,2.325171202251437
-0.12901238572290372,5.6563191413879395,275,19498.452446514533,0.12901238572290372,5.416236790698481
-0.13028306710956947,5.607506275177002,276,2565.105758204981,0.13028306710956947,0.7125293772791614
-0.1265430740523808,5.622385025024414,277,6411.679307224021,0.1265430740523808,1.7810220297844501
-0.12669312681664552,5.7004454135894775,278,15595.98429599126,0.12669312681664552,4.332217859997573
-0.13167229902409383,5.758298635482788,279,1803.7065986639038,0.13167229902409383,0.5010296107399733
-0.1304195805240193,5.68444561958313,280,5527.68063215194,0.1304195805240193,1.5354668422644278
-0.12993581589728784,5.624512672424316,281,4329.628360677348,0.12993581589728784,1.2026745446325966
-0.12587470629360273,5.584078311920166,282,13124.598371143007,0.12587470629360273,3.6457217697619466
-0.12216769331533758,5.767260551452637,283,8939.680378223347,0.12216769331533758,2.483244549506485
-0.1297195777086224,5.626687288284302,284,3452.649620674576,0.1297195777086224,0.9590693390762711
-0.13041337946645365,5.5535407066345215,285,2242.2357851660768,0.13041337946645365,0.6228432736572436
-0.13123620876743997,5.575933933258057,286,5196.335055229605,0.13123620876743997,1.4434264042304459
-0.12660419931620928,5.549617767333984,287,7048.506114905942,0.12660419931620928,1.9579183652516505
-0.12357317571580449,5.514546632766724,288,10483.987173533267,0.12357317571580449,2.9122186593147963
-0.12963405507173717,5.448045969009399,289,3788.851088309422,0.12963405507173717,1.052458635641506
-0.12992911185596578,5.436289548873901,290,2956.015607246608,0.12992911185596578,0.8211154464573911
-0.12995193786099377,5.414412498474121,291,4588.216682127962,0.12995193786099377,1.2745046339244337
-0.1303469830181756,5.453415393829346,292,2476.995408979824,0.1303469830181756,0.6880542802721733
-0.1307874524067746,5.601037979125977,293,2073.117167313998,0.1307874524067746,0.5758658798094438
-0.12326420538298888,5.508935213088989,294,12064.313559755452,0.12326420538298888,3.3511982110431813
-0.1265430740523808,5.533533334732056,295,6220.753171321919,0.1265430740523808,1.7279869920338662
-0.13017488166454774,5.441882848739624,296,4094.24189628439,0.13017488166454774,1.1372894156345528
-0.12964239384788126,5.540388107299805,297,3438.080790469654,0.12964239384788126,0.9550224417971261
-0.13163126779544393,5.528068780899048,298,1820.562462078871,0.13163126779544393,0.5057117950219087
-0.12690275189080402,5.534747838973999,299,7920.623095797946,0.12690275189080402,2.200173082166096
-0.13123620876743997,5.478901624679565,300,5045.177089051236,0.13123620876743997,1.4014380802920101
-0.1303187580716391,5.419748783111572,301,2780.0752460414406,0.1303187580716391,0.7722431239004002
-0.12676626063008412,5.5370166301727295,302,17961.016334718093,0.12676626063008412,4.989171204088359
-0.1304721980331793,5.46890115737915,303,3214.657682383024,0.1304721980331793,0.8929604673286178
-0.12205693794015965,5.681802034378052,304,9509.022493263707,0.12205693794015965,2.6413951370176965
-0.12660965542844632,5.522186756134033,305,7189.0451886419005,0.12660965542844632,1.9969569968449723
-0.12716943501940564,5.491827726364136,306,5578.666328115224,0.12716943501940564,1.5496295355875622
-0.13037732370031022,5.43056321144104,307,2238.535945291162,0.13037732370031022,0.6218155403586562
-0.03430325072241018,5.6982080936431885,308,210492.6980467466,0.03430325072241018,58.470193901874055
-0.1264754173979348,5.478034019470215,309,14939.63553660813,0.1264754173979348,4.149898760168925
-0.12963405507173717,5.440231084823608,310,3781.8983682002163,0.12963405507173717,1.0505273245000601
-0.1279107021346358,5.492113351821899,311,34313.11382611658,0.1279107021346358,9.531420507254607
-0.13163126779544393,5.527428388595581,312,1813.4232369778626,0.13163126779544393,0.5037286769382952
-0.1302260827581368,5.488357305526733,313,2535.2620280965516,0.1302260827581368,0.7042394522490422
-0.12995193786099377,5.4605185985565186,314,4463.23105034291,0.12995193786099377,1.2397864028730305
-0.1308783388297886,5.6640095710754395,315,2021.3073030497642,0.1308783388297886,0.5614742508471567
-0.1303185322285031,5.486965179443359,316,2931.4594346655676,0.1303185322285031,0.8142942874071021
-0.12351748837124113,5.448788642883301,317,11320.1363087264,0.12351748837124113,3.1444823079795556
-0.12777098861524266,5.43759560585022,318,24178.08651806515,0.12777098861524266,6.716135143906985
-0.1265430740523808,5.4227294921875,319,6760.488382209902,0.1265430740523808,1.8779134395027506
-0.13119680006562878,5.504469156265259,320,4918.3176761160275,0.13119680006562878,1.3661993544766744
-0.05318637516267412,5.702590703964233,321,159988.92254335777,0.05318637516267412,44.44136737315493
-0.1265430740523808,5.564741373062134,322,5997.054940049395,0.1265430740523808,1.6658485944581651
-0.1279869079417914,5.601311206817627,323,21042.719324723977,0.1279869079417914,5.845199812423327
-0.12696819569825932,5.559941291809082,324,47365.781274553,0.12696819569825932,13.157161465153612
-0.1302367714335244,5.4793922901153564,325,4098.9362374805905,0.1302367714335244,1.138593399300164
-0.02335617062648221,6.48377537727356,326,465816.05842885387,0.02335617062648221,129.39334956357052
-0.12176425632217582,5.597480058670044,327,8319.16487160408,0.12176425632217582,2.3108791310011334
-0.032739035673216864,5.986963987350464,328,268753.7598288358,0.032739035673216864,74.6538221746766
-0.1150560683200828,5.5814971923828125,329,65559.050742336,0.1150560683200828,18.210847428426664
-0.1304721980331793,5.443843841552734,330,3213.2907964022347,0.1304721980331793,0.8925807767783985
-0.12225895513181025,5.544444799423218,331,9860.103703122906,0.12225895513181025,2.7389176953119185
-0.08611456856074207,5.595089435577393,332,93561.3870666054,0.08611456856074207,25.989274185168167
-0.13045357804299454,5.449834823608398,333,2596.1500947124678,0.13045357804299454,0.7211528040867966
-0.1279107021346358,5.517427921295166,334,27682.74781414883,0.1279107021346358,7.689652170596896
-0.13023005584311764,5.553922414779663,335,2248.0101767646015,0.13023005584311764,0.6244472713235004
-0.1306807415958121,5.721882343292236,336,5335.431110927881,0.1306807415958121,1.4820641974799669
-0.12586834680882164,5.562904357910156,337,12883.95582379395,0.12586834680882164,3.5788766177205416
-0.13167229902409383,5.488116025924683,338,1803.6323787496156,0.13167229902409383,0.5010089940971154
-0.12940428105503188,5.520793199539185,339,3634.993530400114,0.12940428105503188,1.009720425111143
-0.12661696112757875,5.561838626861572,340,16947.94223553551,0.12661696112757875,4.707761732093197
-0.1267408279610059,5.572378635406494,341,7321.1663770313,0.1267408279610059,2.033657326953139
-0.13086679762009784,5.519106864929199,342,2030.3572884418143,0.13086679762009784,0.5639881356782818
-0.13032398834074013,5.5107831954956055,343,2823.240832943753,0.13032398834074013,0.7842335647065981
-0.13013007673554922,5.463335037231445,344,4283.4158774020125,0.13013007673554922,1.1898377437227812
-0.12638362022842095,5.5543212890625,345,13918.79407512701,0.12638362022842095,3.866331687535281
-0.1265430740523808,5.613155364990234,346,6332.419911361627,0.1265430740523808,1.7590055309337853
-0.1304761119902468,5.625673294067383,347,2442.9013032542302,0.1304761119902468,0.6785836953483972
-0.129727706387608,5.485269784927368,348,3449.889746641943,0.129727706387608,0.9583027074005397
-0.12220571528968142,5.540650844573975,349,8758.88125865553,0.12220571528968142,2.4330225718487584
-0.12356771960356747,5.520760536193848,350,10725.739369535071,0.12356771960356747,2.9793720470930753
-0.13069681371971303,5.507363796234131,351,4676.491763678572,0.13069681371971303,1.2990254899107145
-0.13055145405396595,5.553863525390625,352,5455.846146466411,0.13055145405396595,1.5155128184628919
-0.13075092452061843,5.537987232208252,353,2193.209410719673,0.13075092452061843,0.6092248363110203
-0.130044790832335,5.541536331176758,354,3114.724895545475,0.130044790832335,0.8652013598737431
-0.12794678446920651,5.530153274536133,355,40946.7484383017,0.12794678446920651,11.37409678841714
-0.12955960217585544,5.471885919570923,356,3865.20625412989,0.12955960217585544,1.0736684039249695
-0.02481841697148884,6.11504054069519,357,343391.77644527075,0.02481841697148884,95.38660456813076
-0.13163126779544393,5.758658170700073,358,1800.2303395697736,0.13163126779544393,0.500063983213826
-0.1303187580716391,5.4687018394470215,359,2771.479849720811,0.1303187580716391,0.7698555138113364
-0.1267296898933958,5.5451600551605225,360,7682.355240732248,0.1267296898933958,2.133987566870069
-0.1265430740523808,5.551371335983276,361,5987.743522637227,0.1265430740523808,1.663262089621452
-0.12209589809328668,5.568648099899292,362,9371.781359062867,0.12209589809328668,2.603272599739685
-0.1305418053321749,5.4892613887786865,363,4647.586256970143,0.1305418053321749,1.2909961824917064
-0.12966973460715592,5.603533744812012,364,3280.337746570308,0.12966973460715592,0.9112049296028633
-0.13086679762009784,5.522496223449707,365,2044.4990958574285,0.13086679762009784,0.5679164155159524
-0.1268607063890272,5.5197594165802,366,15725.816701154852,0.1268607063890272,4.368282416987459
-0.1232696614952259,5.543853044509888,367,12419.770219552522,0.1232696614952259,3.4499361720979227
-0.12901238572290372,5.657750368118286,368,19268.96437058059,0.12901238572290372,5.352490102939053
-0.13028626310018232,5.6734442710876465,369,2531.4453459056153,0.13028626310018232,0.7031792627515598
-0.13009712652505834,5.542548418045044,370,4086.720328993696,0.13009712652505834,1.1352000913871378
-0.130134617625749,5.476407766342163,371,3023.813919741196,0.130134617625749,0.8399483110392211
-0.1257429564458611,5.54723334312439,372,7551.331204912989,0.1257429564458611,2.097592001364719
-0.12660419931620928,5.5212907791137695,373,6885.316078331998,0.12660419931620928,1.9125877995366662
-0.13123620876743997,5.495285987854004,374,5016.236662474363,0.13123620876743997,1.3933990729095451
-0.12781455995774682,5.540742635726929,375,22766.0144580191,0.12781455995774682,6.323892905005306
-0.07995309254205829,5.741842031478882,376,131350.12809099955,0.07995309254205829,36.48614669194432
-0.12955960217585544,5.489371299743652,377,3862.6277619208545,0.12955960217585544,1.0729521560891262
-0.1279107021346358,5.556600332260132,378,31777.63864064434,0.1279107021346358,8.827121844623429
-0.1316753651526042,5.669070243835449,379,1805.520503230264,0.1316753651526042,0.5015334731195178
-0.1312339445983259,5.539626836776733,380,2343.6204200242214,0.1312339445983259,0.6510056722289503
-0.12126653972890249,5.542601108551025,381,9970.207205409182,0.12126653972890249,2.7695020015025507
-0.12220548944654541,5.515223503112793,382,8570.2094561502,0.12220548944654541,2.3806137378195
-0.02335617062648221,6.245772838592529,383,522973.4564651514,0.02335617062648221,145.27040457365317
-0.10767427976065132,5.679078817367554,384,75098.49550912993,0.10767427976065132,20.860693196980538
-0.0822417853893673,5.739323139190674,385,106665.36067668677,0.0822417853893673,29.629266854635215
-0.1304195805240193,5.694528818130493,386,5500.365584285258,0.1304195805240193,1.5278793289681272
-0.1265430740523808,5.7293641567230225,387,6313.406984212049,0.1265430740523808,1.7537241622811246
-0.1297756267644317,5.620918273925781,388,3350.5220047103085,0.1297756267644317,0.9307005568639746
-0.13082940604082843,5.557493209838867,389,2007.5833779618802,0.13082940604082843,0.5576620494338556
-0.1303187580716391,5.722384691238403,390,2750.2952166278146,0.1303187580716391,0.7639708935077263
-0.1301464450722603,5.449589252471924,391,4308.018776078188,0.1301464450722603,1.1966718822439413
-0.12963683901552692,5.45140528678894,392,3747.9768511475186,0.12963683901552692,1.0411046808743107
-0.13143271663151104,5.514362335205078,393,2279.997595495134,0.13143271663151104,0.6333326654153151
-0.12326420538298888,5.548187255859375,394,12030.370641883044,0.12326420538298888,3.34176962274529
-0.13123620876743997,5.550748825073242,395,5018.634371004074,0.13123620876743997,1.394065103056687
-0.13021766178694585,5.5068559646606445,396,2959.920228013496,0.13021766178694585,0.8222000633370822
-0.12645314126271467,5.519167423248291,397,14395.464761093075,0.12645314126271467,3.9987402114147432
-0.12356771960356747,5.567134141921997,398,10961.203142693003,0.12356771960356747,3.0447786507480563
-0.13161985726877154,5.532397270202637,399,1826.2820007985968,0.13161985726877154,0.507300555777388
-0.12236213859064948,5.621959686279297,400,58008.582012225714,0.12236213859064948,16.113495003396032
-0.13163126779544393,5.668645143508911,401,1816.788958699301,0.13163126779544393,0.5046635996386948
-0.1303469830181756,5.53205943107605,402,2469.231312502764,0.1303469830181756,0.6858975868063233
-0.13072128333755031,5.543141603469849,403,2087.143154585423,0.13072128333755031,0.5797619873848397
-0.13021504083100122,5.56562614440918,404,2568.5896139972774,0.13021504083100122,0.7134971149992437
-0.12926650696307165,5.507984161376953,405,3537.3743815999865,0.12926650696307165,0.9826039948888852
-0.13073159808282164,5.5308146476745605,406,2201.6810228153695,0.13073159808282164,0.6115780618931582
-0.13167970836675338,5.550603151321411,407,1964.6679698394287,0.13167970836675338,0.5457411027331747
-0.13003108378272543,5.4831836223602295,408,3077.8218776992626,0.13003108378272543,0.8549505215831285
-0.13032421418387613,5.544103384017944,409,2686.1969540727805,0.13032421418387613,0.7461658205757724
-0.13163126779544393,5.557209014892578,410,1816.7074521981313,0.13163126779544393,0.5046409589439254
-0.13024694131538855,5.663702487945557,411,4372.22948893308,0.13024694131538855,1.2145081913703
-0.12926650696307165,5.593691825866699,412,3539.9255906604635,0.12926650696307165,0.983312664072351
-0.13142246074998606,5.562342882156372,413,2282.298033276601,0.13142246074998606,0.6339716759101669
-0.1265835645742194,5.500229358673096,414,5746.483351517817,0.1265835645742194,1.596245375421616
-0.13163126779544393,5.477752685546875,415,1801.3957469604327,0.13163126779544393,0.5003877074890091
-0.1303185322285031,5.52796196937561,416,2895.9893507896268,0.1303185322285031,0.8044414863304519
-0.13171785378167114,5.5020363330841064,417,4795.340017059727,0.13171785378167114,1.332038893627702
-0.1221302423433846,5.58305811882019,418,8603.404064648972,0.1221302423433846,2.3898344624024923
-0.1265430740523808,5.476969480514526,419,6478.31633627308,0.1265430740523808,1.7995323156314111
-0.1267408279610059,5.481832027435303,420,7401.527825604486,0.1267408279610059,2.0559799515568016
-0.13123620876743997,5.5593483448028564,421,5169.627794700366,0.13123620876743997,1.4360077207501019
-0.12660419931620928,5.770660161972046,422,6791.756002687453,0.12660419931620928,1.8865988896354036
-0.1257429564458611,5.632572174072266,423,7550.905513406871,0.1257429564458611,2.097473753724131
-0.1305418053321749,5.55121636390686,424,4632.792402977909,0.1305418053321749,1.2868867786049747
-0.13015235287076937,5.454852819442749,425,4193.368818465856,0.13015235287076937,1.164824671796071
-0.12630127815972364,5.543116331100464,426,5901.459865683358,0.12630127815972364,1.639294407134266
-0.12209589809328668,5.586366653442383,427,9368.125350042936,0.12209589809328668,2.6022570416785933
-0.1309346120310462,5.494259834289551,428,4785.868342642114,0.1309346120310462,1.3294078729561427
-0.1304195805240193,5.571382522583008,429,5524.528749459531,0.1304195805240193,1.5345913192943144
-0.12963405507173717,5.5287251472473145,430,3786.7330378891834,0.12963405507173717,1.051870288302551
-0.12357317571580449,5.608750343322754,431,10547.7645017508,0.12357317571580449,2.9299345838196666
-0.12966973460715592,5.528093099594116,432,3258.6373221974914,0.12966973460715592,0.9051770339437476
-0.12695204867602564,5.721899032592773,433,8009.913230636289,0.12695204867602564,2.224975897398969
-0.1265430740523808,5.600021123886108,434,6646.159727695011,0.1265430740523808,1.8461554799152806
-0.12661696112757875,5.603924036026001,435,16935.43549239053,0.12661696112757875,4.704287636775147
-0.12938694833698083,5.541341543197632,436,4039.04232164617,0.12938694833698083,1.1219562004572694
-0.12462376074459791,5.57868504524231,437,11874.027215022765,0.12462376074459791,3.298340893061879
-0.12630127815972364,5.625079393386841,438,5898.057354812508,0.12630127815972364,1.6383492652256966
-0.13119134395339177,5.623938798904419,439,4927.078477660817,0.13119134395339177,1.3686329104613382
-0.12643548539056182,5.586704730987549,440,14158.333167458586,0.12643548539056182,3.9328703242940515
-0.12220548944654541,5.628387928009033,441,8485.582033154375,0.12220548944654541,2.3571061203206596
-0.12964224214883363,5.663043975830078,442,3685.9882831025766,0.12964224214883363,1.02388563419516
-0.12966973460715592,5.536990642547607,443,3278.4351485637426,0.12966973460715592,0.9106764301565952
-0.13021788763008185,5.66951060295105,444,2662.3616643268037,0.13021788763008185,0.7395449067574454
-0.12126108361666546,5.579639434814453,445,10097.638185539137,0.12126108361666546,2.8048994959830935
-0.13015235287076937,5.59441065788269,446,4186.492831937002,0.13015235287076937,1.1629146755380562
-0.1305418053321749,5.5001540184021,447,4775.393268532361,0.1305418053321749,1.326498130147878
-0.1265430740523808,5.567481279373169,448,6391.464430619628,0.1265430740523808,1.77540678628323
-0.13116371519210387,5.515876770019531,449,2402.4971460424586,0.13116371519210387,0.6673603183451273
-0.13003108378272543,5.596902370452881,450,3121.971596909652,0.13003108378272543,0.8672143324749033
-0.12725027519448254,5.649060249328613,451,5559.396840713725,0.12725027519448254,1.544276900198257
-0.12878848973250606,5.594611883163452,452,19864.594307844785,0.12878848973250606,5.5179428632902185
-0.1270119763078916,5.595064163208008,453,7816.649086182532,0.1270119763078916,2.1712914128284813
-0.130344744559865,5.667153835296631,454,4473.560096290541,0.130344744559865,1.242655582302928
-0.12775228980177772,5.566930055618286,455,26472.836075697796,0.12775228980177772,7.353565576582721
-0.12209589809328668,5.602013826370239,456,9420.029795363173,0.12209589809328668,2.6166749431564367
-0.13011286275601308,5.560358762741089,457,2866.723331676702,0.13011286275601308,0.7963120365768617
-0.13086679762009784,5.5140368938446045,458,2044.0976126444632,0.13086679762009784,0.5678048924012398
-0.12660419931620928,5.542755603790283,459,6975.636181414598,0.12660419931620928,1.9376767170596105
-0.12926105085083464,5.510536432266235,460,3518.3811581312902,0.12926105085083464,0.9773280994809139
-0.12949838341905204,5.534092664718628,461,3980.9150197408135,0.12949838341905204,1.1058097277057815
-0.13123620876743997,5.61388087272644,462,5187.602847145577,0.13123620876743997,1.4410007908737712
-0.12637816411618394,5.63517165184021,463,13776.21706541477,0.12637816411618394,3.826726962615214
-0.03541074410405298,5.960630655288696,464,186849.70552327987,0.03541074410405298,51.902695978688854
-0.13060123441632068,5.711151599884033,465,2503.0169292244423,0.13060123441632068,0.6952824803401229
-0.12462376074459791,5.572472095489502,466,11929.915864299044,0.12462376074459791,3.3138655178608456
-0.12220571528968142,5.6388068199157715,467,8864.673622382874,0.12220571528968142,2.462409339550798
-0.12312902625066484,5.63584303855896,468,51421.67463494414,0.12312902625066484,14.283798509706704
-0.1265430740523808,5.62907075881958,469,6051.560982499482,0.1265430740523808,1.6809891618054116
-0.12660582305996868,5.588653087615967,470,15827.513463177773,0.12660582305996868,4.3965315175493815
-0.08999295611305767,5.761502981185913,471,86888.70840618577,0.08999295611305767,24.135752335051603
-0.13035020067210204,5.553361892700195,472,4498.2909895943985,0.13035020067210204,1.249525274887333
-0.13037192532776823,5.560985326766968,473,2236.109664261492,0.13037192532776823,0.62114157340597
-0.12976471453995764,5.552318811416626,474,3382.4518613030486,0.12976471453995764,0.939569961473069
-0.1279107021346358,5.614482641220093,475,35388.17470075474,0.1279107021346358,9.830048527987428
-0.12958097053390943,5.7119362354278564,476,2854.1460731811044,0.12958097053390943,0.7928183536614178
-0.02481841697148884,6.156354904174805,477,382051.32579027885,0.02481841697148884,106.12536827507746
-0.12660419931620928,5.60918927192688,478,6974.71119023677,0.12660419931620928,1.9374197750657693
-0.13055145405396595,5.673251628875732,479,5436.801722763146,0.13055145405396595,1.5102227007675406
-0.12957051440032952,5.536885023117065,480,3833.4508776462826,0.12957051440032952,1.0648474660128562
-0.13198511204950444,5.592037916183472,481,1995.3720440921911,0.13198511204950444,0.5542700122478309
-0.1316607389083369,5.563479423522949,482,1917.5612904107354,0.1316607389083369,0.5326559140029821
-0.13211857780964434,5.57237982749939,483,1998.42778576697,0.13211857780964434,0.5551188293797139
-0.13086679762009784,5.641255855560303,484,2040.0836939662502,0.13086679762009784,0.566689914990625
-0.13026688670715172,5.573088884353638,485,2217.313584648417,0.13026688670715172,0.6159204401801158
-0.13172073825577293,5.73250412940979,486,1860.499648366086,0.13172073825577293,0.5168054578794683
-0.13086679762009784,5.589576005935669,487,2049.339563197747,0.13086679762009784,0.5692609897771519
-0.1316253599969349,5.597885847091675,488,1832.2583382400405,0.1316253599969349,0.5089606495111224
-0.13015648489415763,5.542330980300903,489,2579.488016151098,0.13015648489415763,0.7165244489308605
-0.1315407924674264,5.5276312828063965,490,2329.666715440553,0.1315407924674264,0.6471296431779314
-0.13163126779544393,5.529639005661011,491,1842.5459551025037,0.13163126779544393,0.5118183208618066
-0.13021190661654658,5.530091762542725,492,2559.436373455757,0.13021190661654658,0.7109545481821546
-0.13128646524024284,5.578394651412964,493,2150.0399488392036,0.13128646524024284,0.597233319122001
-0.13003108378272543,5.676129102706909,494,3079.8419397451958,0.13003108378272543,0.855511649929221
-0.1303187580716391,5.733935117721558,495,2738.413787181308,0.1303187580716391,0.7606704964392522
-0.1311787725911475,5.598795413970947,496,2414.7320490184466,0.1311787725911475,0.670758902505124
-0.13163126779544393,5.685280799865723,497,1800.6773482149088,0.13163126779544393,0.5001881522819192
-0.13088506653108462,5.617092609405518,498,2026.772413082002,0.13088506653108462,0.5629923369672227
-0.1303185322285031,5.579135179519653,499,2889.4658740611203,0.1303185322285031,0.8026294094614224
-0.1314814370805858,5.550915956497192,500,2311.5453162234076,0.1314814370805858,0.6420959211731687
-0.13086679762009784,5.5825605392456055,501,2031.7665694374248,0.13086679762009784,0.5643796026215069
-0.13044134541599048,5.537213563919067,502,3176.4275425728083,0.13044134541599048,0.8823409840480023
-0.13163126779544393,5.5358195304870605,503,1841.8106216234785,0.13163126779544393,0.5116140615620773
-0.13163126779544393,5.566153287887573,504,1814.3782538628302,0.13163126779544393,0.5039939594063417
-0.02335617062648221,6.363218784332275,505,602060.8358044393,0.02335617062648221,167.2391210567887
-0.1303469830181756,5.547297477722168,506,2474.745220909619,0.1303469830181756,0.6874292280304497
-0.1291073370365393,5.746042013168335,507,3551.5138888915712,0.1291073370365393,0.9865316358032142
-0.032739035673216864,5.95038628578186,508,262492.7844279731,0.032739035673216864,72.91466234110364
-0.1303187580716391,5.6097869873046875,509,2622.846886022722,0.1303187580716391,0.7285685794507561
-0.12793842040128828,5.568872928619385,510,44290.84208984412,0.12793842040128828,12.303011691623366
-0.13019832151636343,5.503191232681274,511,2232.8851933945143,0.13019832151636343,0.6202458870540317
-0.13163126779544393,5.555386543273926,512,1809.0525397288482,0.13163126779544393,0.5025145943691245
-0.13003108378272543,5.54603910446167,513,3077.438957276254,0.13003108378272543,0.8548441547989594
-0.13032421418387613,5.553847074508667,514,2678.7714207940235,0.13032421418387613,0.7441031724427843
-0.13072128333755031,5.579169750213623,515,2077.756923493304,0.13072128333755031,0.5771547009703623
-0.1297756267644317,5.521853923797607,516,3378.449358554934,0.1297756267644317,0.9384581551541483
-0.13032398834074013,5.545946359634399,517,2819.672938356617,0.13032398834074013,0.7832424828768381
-0.131402131207633,5.7191321849823,518,2263.9452986756814,0.131402131207633,0.6288736940765782
-0.12938694833698083,5.4969775676727295,519,4061.3070234730953,0.12938694833698083,1.1281408398536377
-0.13163126779544393,5.50672173500061,520,1808.9892419762245,0.13163126779544393,0.5024970116600623
-0.13004853871711924,5.527526378631592,521,2974.5655583002085,0.13004853871711924,0.8262682106389468
-0.12964239384788126,5.524922609329224,522,3442.2629586882313,0.12964239384788126,0.9561841551911754
-0.13086679762009784,5.635895013809204,523,2050.94780460236,0.13086679762009784,0.5697077235006556
-0.13028306710956947,5.525741338729858,524,2565.9463335013074,0.13028306710956947,0.7127628704170298
-0.1294351843086423,5.5526556968688965,525,3664.8786769228122,0.1294351843086423,1.018021854700781
-0.13015599000568773,5.574681758880615,526,4119.900683185486,0.13015599000568773,1.1444168564404127
-0.13051790630792198,5.5847132205963135,527,2355.556017726164,0.13051790630792198,0.6543211160350456
-0.13041843436935965,5.565237283706665,528,3241.43655711038,0.13041843436935965,0.9003990436417721
-0.13071500984812634,5.6519951820373535,529,2101.6833651382185,0.13071500984812634,0.5838009347606162
-0.13021766178694585,5.57488489151001,530,2959.5107970684835,0.13021766178694585,0.8220863325190232
-0.13163126779544393,5.498385667800903,531,1807.2900554249297,0.13163126779544393,0.5020250153958138
-0.12957051440032952,5.510823726654053,532,3827.7805474933593,0.12957051440032952,1.063272374303711
-0.13051869947484818,5.557769060134888,533,2433.7727475119555,0.13051869947484818,0.6760479854199877
-0.11717647347004469,5.664625406265259,534,62999.24336781656,0.11717647347004469,17.49978982439349
-0.13032421418387613,5.587069272994995,535,2680.8516978846355,0.13032421418387613,0.7446810271901766
-0.13074489348233403,5.5006091594696045,536,2014.1503461347127,0.13074489348233403,0.5594862072596424
-0.06512883577217111,5.834404706954956,537,144695.23468357197,0.06512883577217111,40.19312074543666
-0.13020760615149063,5.529489040374756,538,4364.805287242858,0.13020760615149063,1.212445913123016
-0.13163126779544393,5.692969799041748,539,1801.0290509436122,0.13163126779544393,0.5002858474843367
-0.13141211463009558,5.520777940750122,540,2289.3759864373837,0.13141211463009558,0.6359377740103844
-0.13041843436935965,5.560689926147461,541,3227.9590733799173,0.13041843436935965,0.8966552981610881
-0.1316732536985075,5.505887746810913,542,1802.7442213576212,0.1316732536985075,0.5007622837104503
-0.13032398834074013,5.5567920207977295,543,2823.6794763315147,0.13032398834074013,0.7843554100920874
-0.13123620876743997,5.638329029083252,544,5181.43742416907,0.13123620876743997,1.4392881733802974
-0.12918917140328284,5.648493528366089,545,3646.894010160134,0.12918917140328284,1.0130261139333705
-0.08015097039300711,5.880789756774902,546,126931.82023940251,0.08015097039300711,35.258838955389585
-0.13049910625652625,5.580012321472168,547,4596.229701179901,0.13049910625652625,1.2767304725499724
-0.1279107021346358,5.638587951660156,548,29731.287605171376,0.1279107021346358,8.258691001436492
-0.12777098861524266,5.672626733779907,549,24170.85445094438,0.12777098861524266,6.714126236373438
-0.13163126779544393,5.726676940917969,550,1809.9239864155654,0.13163126779544393,0.5027566628932126
-0.13065322240910876,5.517093658447266,551,2183.9016431596797,0.13065322240910876,0.6066393453221333
-0.1302260827581368,5.551342725753784,552,2543.7626930993765,0.1302260827581368,0.7066007480831601
-0.1293917938687566,5.5983216762542725,553,4067.6762942133346,0.1293917938687566,1.1299100817259262
-0.1279869079417914,5.677511215209961,554,21620.691213358215,0.1279869079417914,6.005747559266171
-0.1304721980331793,5.605701923370361,555,3214.074534138516,0.1304721980331793,0.8927984817051433
-0.08063868039788363,5.90126371383667,556,110077.26117527568,0.08063868039788363,30.577016993132133
-0.13024120850433207,5.629008531570435,557,2953.237188945333,0.13024120850433207,0.8203436635959258
-0.13082940604082843,5.78350305557251,558,2009.7648972413808,0.13082940604082843,0.5582680270114947
-0.13104917441684616,5.643575191497803,559,2378.31282389656,0.13104917441684616,0.6606424510823778
-0.13167229902409383,5.627624034881592,560,1803.124118202566,0.13167229902409383,0.500867810611824
-0.1265430740523808,5.785298585891724,561,5940.999786477797,0.1265430740523808,1.6502777184660546
-0.1298502526207224,5.659012794494629,562,18765.166433870065,0.1298502526207224,5.212546231630574
-0.12964769826107067,5.564549922943115,563,3695.236711820014,0.12964769826107067,1.026454642172226
-0.13021788763008185,5.635376214981079,564,2660.757085127299,0.13021788763008185,0.7390991903131386
-0.130344744559865,5.604159116744995,565,4428.114935315096,0.130344744559865,1.2300319264764155
-0.13086679762009784,5.614612102508545,566,2040.2934451000397,0.13086679762009784,0.5667481791944554
-0.1306807415958121,5.630629539489746,567,5321.429879853495,0.1306807415958121,1.4781749666259707
-0.03430325072241018,5.908328533172607,568,204635.53408724343,0.03430325072241018,56.843203913123176
-0.12976471453995764,5.684922695159912,569,3384.887458154176,0.12976471453995764,0.9402465161539377
-0.13141211463009558,5.679230213165283,570,2289.9914934892995,0.13141211463009558,0.6361087481914721
-0.1302805720071263,5.846398591995239,571,2924.953744962658,0.1302805720071263,0.8124871513785161
-0.1265430740523808,5.610221862792969,572,6580.700619328555,0.1265430740523808,1.827972394257932
-0.1295749161700052,5.5111072063446045,573,3958.073049829341,0.1295749161700052,1.0994647360637058
-0.11198360754841843,5.706668376922607,574,71781.02665364317,0.11198360754841843,19.93917407045644
-0.1302260827581368,5.507188558578491,575,2549.877875455883,0.1302260827581368,0.7082994098488564
-0.13123620876743997,5.5603861808776855,576,5039.582825949477,0.13123620876743997,1.3998841183192994
-0.12690275189080402,5.5442211627960205,577,7945.427415911748,0.12690275189080402,2.2070631710865967
-0.1265430740523808,5.549395799636841,578,5989.444384482239,0.1265430740523808,1.6637345512450663
-0.1257429564458611,5.517800569534302,579,7561.23015281887,0.1257429564458611,2.100341709116353
-0.1305418053321749,5.481478929519653,580,4637.135735653872,0.1305418053321749,1.2880932599038533
-0.12356771960356747,5.603188753128052,581,10799.728061276313,0.12356771960356747,2.9999244614656426
-0.1265430740523808,5.807739496231079,582,6346.425411129727,0.1265430740523808,1.7628959475360353
-0.12216721885529742,5.614311695098877,583,9050.483324073799,0.12216721885529742,2.514023145576055
-0.13177058272948594,5.537261724472046,584,4816.708325442539,0.13177058272948594,1.3379745348451497
-0.12725027519448254,5.604691028594971,585,5558.060388480787,0.12725027519448254,1.5439056634668853
-0.12586834680882164,5.56250262260437,586,12939.294753757058,0.12586834680882164,3.594248542710294
-0.12927196307530867,5.5048956871032715,587,3582.6408094511453,0.12927196307530867,0.9951780026253181
-0.12660419931620928,5.803584098815918,588,6989.775832736586,0.12660419931620928,1.9416043979823852
-0.13006985644680932,5.632853746414185,589,4263.7722454536115,0.13006985644680932,1.18438117929267
-0.13021220567470881,5.652050256729126,590,2965.112347858709,0.13021220567470881,0.8236423188496415
-0.13175412116092222,5.617981672286987,591,4866.440623957362,0.13175412116092222,1.3517890622103783
-0.1297195777086224,5.859945058822632,592,3453.1366183253845,0.1297195777086224,0.9592046162014957
-0.12957051440032952,5.70958137512207,593,3842.3200952703264,0.12957051440032952,1.0673111375750908
-0.12220548944654541,5.691736936569214,594,8450.269449494579,0.12220548944654541,2.34729706930405
-0.1303187580716391,5.573712587356567,595,2730.2106800718807,0.1303187580716391,0.7583918555755225
-0.13036487991627657,5.604615211486816,596,2224.917742116178,0.13036487991627657,0.6180327061433828
-0.12357317571580449,5.634913682937622,597,10395.86801937053,0.12357317571580449,2.8877411164918136
-0.13041843436935965,5.520997524261475,598,3224.92555570778,0.13041843436935965,0.8958126543632722
-0.1301743775986475,5.5283918380737305,599,4237.184465145405,0.1301743775986475,1.1769956847626124
-0.13167970836675338,5.55255913734436,600,1947.9668868604833,0.13167970836675338,0.5411019130168009
-0.1303469830181756,5.639593601226807,601,2481.9984654201244,0.1303469830181756,0.6894440181722568
-0.1304195805240193,5.6546807289123535,602,5466.107536282811,0.1304195805240193,1.518363204523003
-0.13163126779544393,5.784087896347046,603,1815.928284198439,0.13163126779544393,0.5044245233884553
-0.1267408279610059,5.641098260879517,604,7349.4652011627995,0.1267408279610059,2.0415181114341108
-0.13175412116092225,5.5132012367248535,605,4843.060827119004,0.13175412116092225,1.3452946741997234
-0.1305022959783842,5.57133150100708,606,3148.6398765504973,0.1305022959783842,0.8746221879306937
-0.12957051440032952,5.480480670928955,607,3823.398816915125,0.12957051440032952,1.062055226920868
-0.1307158272253133,5.6310036182403564,608,2184.579180929639,0.1307158272253133,0.606827550258233
-0.1303187580716391,5.58244514465332,609,2770.949565242266,0.1303187580716391,0.7697082125672962
-0.1265430740523808,5.634177207946777,610,6267.999301096934,0.1265430740523808,1.7411109169713705
-0.1279107021346358,5.663343191146851,611,37563.92750215587,0.1279107021346358,10.434424306154408
-0.12660582305996868,5.64844012260437,612,16450.543016122658,0.12660582305996868,4.5695952822562935
-0.12210710307586366,5.709256172180176,613,9570.913396686201,0.12210710307586366,2.658587054635056
-0.1317022119803295,5.767466068267822,614,2003.955569157176,0.1317022119803295,0.5566543247658822
-0.1296820410317599,5.604630708694458,615,3394.368594665696,0.1296820410317599,0.9428801651849156
-0.12462376074459791,5.641627550125122,616,11922.365057196323,0.12462376074459791,3.311768071443423
-0.12993536121752877,5.556781053543091,617,4297.900541109371,0.12993536121752877,1.1938612614192698
-0.13133818041934558,5.6156768798828125,618,2421.821052141291,0.13133818041934558,0.6727280700392475
-0.12671691653481648,5.6465418338775635,619,5673.200126535471,0.12671691653481648,1.5758889240376308
-0.1269891370615749,5.676436901092529,620,7932.375401869205,0.1269891370615749,2.203437611630335
-0.13163126779544393,5.6482789516448975,621,1818.1871471462248,0.13163126779544393,0.5050519853183958
-0.04080905267771984,5.9942991733551025,622,172007.36942077137,0.04080905267771984,47.779824839103156
-0.13013945484460718,5.66985011100769,623,3008.3403775003867,0.13013945484460718,0.8356501048612185
-0.1316753651526042,5.760167837142944,624,1806.0748625431083,0.1316753651526042,0.5016874618175301
-0.13123620876743997,5.620870351791382,625,5193.752167743321,0.13123620876743997,1.4427089354842557
-0.12963344534471435,5.610347032546997,626,3791.159093153173,0.12963344534471435,1.0530997480981037
-0.13141200021178406,5.637873411178589,627,2269.31597771425,0.13141200021178406,0.6303655493650695
-0.1302990573747954,5.633984804153442,628,2692.702013878875,0.1302990573747954,0.7479727816330208
-0.1265430740523808,5.565317630767822,629,6762.015240329202,0.1265430740523808,1.8783375667581117
-0.130344744559865,5.5754714012146,630,4542.231716762877,0.130344744559865,1.2617310324341324
-0.12645314126271467,5.544090032577515,631,14403.454745698844,0.12645314126271467,4.000959651583012
-0.13086679762009784,5.510634899139404,632,2048.7695882510225,0.13086679762009784,0.5691026634030618
-0.12964239384788126,5.513738632202148,633,3444.694772385172,0.12964239384788126,0.9568596589958812
-0.13037819885785573,5.562455177307129,634,2370.797191357495,0.13037819885785573,0.658554775377082
-0.1301406117715296,5.7267491817474365,635,3045.2912288376333,0.1301406117715296,0.8459142302326759
-0.13021788763008185,5.597264289855957,636,2643.5719485872974,0.13021788763008185,0.7343255412742493
-0.13123620876743997,5.551787853240967,637,5034.957525475164,0.13123620876743997,1.3985993126319902
-0.1295100025209396,5.504007339477539,638,3999.2019206224886,0.1295100025209396,1.1108894223951358
-0.1265430740523808,5.592087745666504,639,6052.648547456149,0.1265430740523808,1.6812912631822634
-0.13149807237154157,5.6098573207855225,640,2130.3426207382436,0.13149807237154157,0.5917618390939565
-0.12200874050311103,5.644822359085083,641,9655.266679005157,0.12200874050311103,2.682018521945877
